model,location,target_type,forecast_date,interval_score,dispersion,underprediction,overprediction,coverage_deviation,bias,ae_median
EuroCOVIDhub-ensemble,DE,Cases,2021-03-15,11615.8670652174,9234.41054347826,2055.79347826087,325.663043478261,0.158260869565217,-0.275,14980
EuroCOVIDhub-ensemble,DE,Cases,2021-03-22,27067.0109782609,13688.2283695652,0,13378.7826086957,-0.0156521739130435,0.575,42988.5
EuroCOVIDhub-ensemble,DE,Cases,2021-03-29,32528.7172826087,15868.8151086957,0,16659.902173913,-0.0808695652173913,0.65,56717.25
EuroCOVIDhub-ensemble,DE,Cases,2021-04-05,13699.6614130435,9295.53097826087,4374.34782608696,29.7826086956522,0.158260869565217,-0.325,21192
EuroCOVIDhub-ensemble,DE,Cases,2021-04-12,14245.6891304348,11422.6891304348,2133.94565217391,689.054347826087,0.223478260869565,-0.15,17736.5
EuroCOVIDhub-ensemble,DE,Cases,2021-04-19,30318.5860869565,12507.0643478261,0,17811.5217391304,-0.0591304347826087,0.595,48252
EuroCOVIDhub-ensemble,DE,Cases,2021-04-26,40921.1830434783,8912.07434782609,0,32009.1086956522,-0.363478260869565,0.875,60485
EuroCOVIDhub-ensemble,DE,Cases,2021-05-03,26327.9632608696,8146.485,0,18181.4782608696,-0.298260869565217,0.8375,39183.5
EuroCOVIDhub-ensemble,DE,Cases,2021-05-10,18172.1708695652,5653.04043478261,0,12519.1304347826,-0.298260869565217,0.8575,29477
EuroCOVIDhub-ensemble,DE,Cases,2021-05-17,5343.50630434783,3529.9302173913,10.2934782608696,1803.28260869565,0.071304347826087,0.425,7916.75
EuroCOVIDhub-ensemble,DE,Cases,2021-05-24,8717.63467391305,3006.51510869565,0,5711.11956521739,-0.298260869565217,0.85,14343.25
EuroCOVIDhub-ensemble,DE,Cases,2021-05-31,1974.60989130435,1600.08815217391,0,374.521739130435,0.201739130434783,0.325,2128.5
EuroCOVIDhub-ensemble,DE,Cases,2021-06-07,1865.40760869565,1449.20108695652,0,416.20652173913,0.18,0.35,2362.75
EuroCOVIDhub-ensemble,DE,Cases,2021-06-14,1666.00510869565,1159.27684782609,0.347826086956522,506.380434782609,0.114782608695652,0.375,1986.25
EuroCOVIDhub-ensemble,DE,Cases,2021-06-21,1357.46619565217,568.987934782609,788.478260869565,0,0.0495652173913044,-0.5,2536.5
EuroCOVIDhub-ensemble,DE,Cases,2021-06-28,2599.83934782609,500.056739130435,2099.78260869565,0,-0.102608695652174,-0.675,4607.5
EuroCOVIDhub-ensemble,DE,Cases,2021-07-05,3649.76913043478,607.443043478261,3042.32608695652,0,-0.23304347826087,-0.825,6496.5
EuroCOVIDhub-ensemble,DE,Cases,2021-07-12,3387.8202173913,1020.58108695652,2367.23913043478,0,-0.167826086956522,-0.75,6650.5
EuroCOVIDhub-ensemble,DE,Cases,2021-07-19,2518.57793478261,2393.40402173913,10.0652173913043,115.108695652174,0.288695652173913,0.175,1499.5
EuroCOVIDhub-ensemble,DE,Cases,2021-07-26,3297.0252173913,2077.88391304348,1219.14130434783,0,0.223478260869565,-0.3,4979.75
EuroCOVIDhub-ensemble,DE,Cases,2021-08-02,5659.14608695652,1807.89608695652,3714.5,136.75,-0.102608695652174,-0.375,10123.75
EuroCOVIDhub-ensemble,DE,Cases,2021-08-09,10903.5665217391,2498.86,8404.70652173913,0,-0.189565217391304,-0.775,18924.75
EuroCOVIDhub-ensemble,DE,Cases,2021-08-16,5894.90543478261,4447.275,675.380434782609,772.25,0.18,-0.2,8375.5
EuroCOVIDhub-ensemble,DE,Cases,2021-08-23,24436.1992391304,7405.80793478261,0,17030.3913043478,-0.211304347826087,0.7575,38766.5
EuroCOVIDhub-ensemble,DE,Cases,2021-08-30,29593.3972826087,5447.24510869565,0,24146.152173913,-0.40695652173913,0.925,43317.5
EuroCOVIDhub-ensemble,DE,Cases,2021-09-06,28070.1345652174,5401.8302173913,0,22668.3043478261,-0.341739130434783,0.895,49850.5
EuroCOVIDhub-ensemble,DE,Cases,2021-09-13,7794.23869565217,4361.65173913044,0,3432.58695652174,-0.0156521739130435,0.575,13427
EuroCOVIDhub-ensemble,DE,Cases,2021-09-20,4745.9002173913,3635.96543478261,1036.01086956522,73.9239130434783,0.201739130434783,-0.175,6348.5
EuroCOVIDhub-ensemble,DE,Cases,2021-09-27,12133.6143478261,3445.28826086957,8688.32608695652,0,-0.146086956521739,-0.7125,23469.5
EuroCOVIDhub-ensemble,DE,Cases,2021-10-04,16147.6886956522,4432.61260869565,11715.0760869565,0,-0.0156521739130435,-0.5625,27779.25
EuroCOVIDhub-ensemble,DE,Cases,2021-10-11,30872.922826087,4148.33586956522,26724.5869565217,0,-0.276521739130435,-0.775,44543.5
EuroCOVIDhub-ensemble,DE,Cases,2021-10-18,58237.6298913044,3889.68423913044,54347.9456521739,0,-0.515652173913044,-0.9875,74636.25
EuroCOVIDhub-ensemble,DE,Cases,2021-10-25,33154.315326087,4408.36967391304,28745.9456521739,0,-0.189565217391304,-0.7125,46095.25
EuroCOVIDhub-ensemble,DE,Cases,2021-11-01,26388.4930434783,10356.232173913,14873.1956521739,1159.0652173913,-0.0808695652173913,-0.4,40103.5
EuroCOVIDhub-ensemble,DE,Cases,2021-11-08,54412.3773913044,8901.2252173913,45511.152173913,0,-0.472173913043478,-0.97,75295.5
EuroCOVIDhub-ensemble,DE,Cases,2021-11-15,29938.1507608696,12771.8464130435,0,17166.3043478261,0.00608695652173914,0.55,46355.5
EuroCOVIDhub-ensemble,DE,Cases,2021-11-22,97842.2934782609,17794.5434782609,0,80047.75,-0.276521739130435,0.8325,151257.25
EuroCOVIDhub-ensemble,DE,Cases,2021-11-29,135263.911195652,19959.5742391304,0,115304.336956522,-0.493913043478261,0.9825,200306.25
EuroCOVIDhub-ensemble,DE,Cases,2021-12-06,59319.3207608696,16753.3751086957,0,42565.9456521739,-0.146086956521739,0.725,114132.75
EuroCOVIDhub-ensemble,DE,Cases,2021-12-13,36337.887173913,16058.9958695652,6163.85869565217,14115.0326086957,-0.0808695652173913,0.35,68714.5
EuroCOVIDhub-ensemble,DE,Cases,2021-12-20,85385.9288043478,11798.5266304348,70302.8043478261,3284.59782608696,-0.23304347826087,-0.275,122069.25
EuroCOVIDhub-ensemble,DE,Cases,2021-12-27,249005.380217391,6967.19543478261,242038.184782609,0,-0.493913043478261,-0.975,279021.75
EuroCOVIDhub-ensemble,DE,Cases,2022-01-03,347048.125217391,15210.407826087,331837.717391304,0,-0.559130434782609,-1,407398
EuroCOVIDhub-ensemble,DE,Cases,2022-01-10,46336.4048913044,24220.8288043478,19489.9565217391,2625.61956521739,0.0278260869565217,-0.125,63745.25
EuroCOVIDhub-ensemble,DE,Cases,2022-01-17,160823.966521739,47556.6730434783,113267.293478261,0,-0.146086956521739,-0.695,305615.25
EuroCOVIDhub-ensemble,DE,Cases,2022-01-24,66010.6498913044,56296.334673913,1552.44565217391,8161.86956521739,0.245217391304348,0.175,78069.25
EuroCOVIDhub-ensemble,DE,Cases,2022-01-31,93218.1433695652,37293.5781521739,0,55924.5652173913,0.0278260869565217,0.525,170584.5
EuroCOVIDhub-ensemble,DE,Cases,2022-02-07,145759.363804348,85549.820326087,0,60209.5434782609,-0.0156521739130435,0.575,182675.5
EuroCOVIDhub-ensemble,DE,Cases,2022-02-14,81717.0331521739,72838.7179347826,8679.48913043478,198.826086956522,0.353913043478261,-0.1,74584.75
EuroCOVIDhub-ensemble,DE,Cases,2022-02-21,165152.398586957,84867.0398913044,80152.5217391304,132.836956521739,0.114782608695652,-0.375,294295.25
EuroCOVIDhub-ensemble,DE,Cases,2022-02-28,285727.123695652,71267.5584782609,214459.565217391,0,-0.298260869565217,-0.82,498983
EuroCOVIDhub-ensemble,DE,Cases,2022-03-07,229930.860108696,82785.0340217391,147145.826086957,0,-0.146086956521739,-0.725,445486.5
EuroCOVIDhub-ensemble,DE,Cases,2022-03-14,125280.37826087,106417.193478261,1607.84782608696,17255.3369565217,0.245217391304348,0.075,135484.25
EuroCOVIDhub-ensemble,DE,Cases,2022-03-21,193711.826086957,89034.4130434783,0,104677.413043478,0.0278260869565217,0.525,342608
EuroCOVIDhub-ensemble,DE,Cases,2022-03-28,194742.306847826,70589.6981521739,124152.608695652,0,-0.102608695652174,-0.645,321327.5
EuroCOVIDhub-ensemble,DE,Cases,2022-04-04,163328.21576087,66558.5635869565,0,96769.6521739131,-0.102608695652174,0.675,284865
EuroCOVIDhub-ensemble,DE,Cases,2022-04-11,74444.5493478261,55036.8102173913,13396.4673913043,6011.27173913044,0.136521739130435,-0.05,91242
EuroCOVIDhub-ensemble,DE,Cases,2022-04-18,115488.832282609,56366.3975,59122.4347826087,0,0.0278260869565217,-0.525,186511.5
EuroCOVIDhub-ensemble,DE,Cases,2022-04-25,108887.138804348,73832.7475,0,35054.3913043478,0.0930434782608696,0.45,177725
EuroCOVIDhub-ensemble,DE,Cases,2022-05-02,56092.1410869565,51409.7280434783,0,4682.41304347826,0.310434782608696,0.2,47711.5
EuroCOVIDhub-ensemble,DE,Cases,2022-05-09,38828.197173913,36311.0232608696,1975.28260869565,541.891304347826,0.332173913043478,-0.075,22961
EuroCOVIDhub-ensemble,DE,Cases,2022-05-16,43448.0245652174,37428.1876086957,140.130434782609,5879.70652173913,0.26695652173913,0.2,54735.25
EuroCOVIDhub-ensemble,DE,Cases,2022-05-23,51967.7232608696,25355.9732608696,26611.75,0,0.158260869565217,-0.375,94994.25
EuroCOVIDhub-ensemble,DE,Cases,2022-05-30,198118.697391304,14479.73,183638.967391304,0,-0.428695652173913,-0.92,271943.25
EuroCOVIDhub-ensemble,DE,Cases,2022-06-06,87502.8290217392,42449.3616304348,45053.4673913044,0,-0.0373913043478261,-0.6,164317.25
EuroCOVIDhub-ensemble,DE,Cases,2022-06-13,68681.5684782609,48185.7532608696,20495.8152173913,0,0.0495652173913044,-0.5,96750.25
EuroCOVIDhub-ensemble,DE,Cases,2022-06-20,65587.0781521739,53956.6651086957,11630.4130434783,0,0.18,-0.35,67219.5
EuroCOVIDhub-ensemble,DE,Cases,2022-06-27,109546.712608696,88418.4952173913,0,21128.2173913044,0.071304347826087,0.475,139859
EuroCOVIDhub-ensemble,DE,Cases,2022-07-04,84284.0930434783,66576.8539130435,0,17707.2391304348,0.201739130434783,0.325,136429.5
EuroCOVIDhub-ensemble,DE,Cases,2022-07-11,79070.5963043478,59362.1397826087,210.967391304348,19497.4891304348,0.223478260869565,0.25,102983.5
EuroCOVIDhub-ensemble,DE,Cases,2022-07-18,170712.3575,57898.009673913,0,112814.347826087,-0.189565217391304,0.75,273872
EuroCOVIDhub-ensemble,DE,Cases,2022-07-25,123632.108695652,36101.3913043478,0,87530.7173913044,-0.298260869565217,0.875,215898.5
EuroCOVIDhub-ensemble,DE,Cases,2022-08-01,34282.8085869565,26245.080326087,0,8037.72826086957,0.114782608695652,0.425,37043.25
EuroCOVIDhub-ensemble,DE,Cases,2022-08-08,29016.5781521739,23642.5564130435,5374.02173913044,0,0.201739130434783,-0.325,47926
EuroCOVIDhub-ensemble,DE,Cases,2022-08-15,26054.2298913044,25536.5451086957,285.858695652174,231.826086956522,0.353913043478261,-2.77555756156289e-17,9144.25
EuroCOVIDhub-ensemble,DE,Cases,2022-08-22,36903.5142391304,29377.9598913044,0,7525.55434782609,0.136521739130435,0.4,48519.25
EuroCOVIDhub-ensemble,DE,Cases,2022-08-29,27214.5914130435,24991.7979347826,2028.45652173913,194.336956521739,0.310434782608696,-0.1,28186.75
EuroCOVIDhub-ensemble,DE,Cases,2022-09-05,49253.3907608696,18580.4777173913,30672.9130434783,0,0.0278260869565217,-0.525,98787
EuroCOVIDhub-ensemble,DE,Cases,2022-09-12,74813.7611956522,22761.3155434783,52052.4456521739,0,-0.0808695652173913,-0.65,142439.25
EuroCOVIDhub-ensemble,DE,Cases,2022-09-19,105401.759891304,26677.6185869565,78724.1413043478,0,-0.124347826086957,-0.7,183732.25
EuroCOVIDhub-ensemble,DE,Cases,2022-09-26,96993.3042391304,34390.5542391304,62602.75,0,-0.146086956521739,-0.725,176209.75
EuroCOVIDhub-ensemble,DE,Cases,2022-10-03,277608.794565217,90230.1858695652,0,187378.608695652,-0.298260869565217,0.8375,446384.5
EuroCOVIDhub-ensemble,DE,Cases,2022-10-10,474898.267282609,73809.4411956522,0,401088.826086957,-0.472173913043478,0.95,656949.5
EuroCOVIDhub-ensemble,DE,Cases,2022-10-17,350555.270869565,81891.4230434783,0,268663.847826087,-0.537391304347826,0.995,494075.5
EuroCOVIDhub-ensemble,DE,Cases,2022-10-24,64581.1132608696,29836.0589130435,0,34745.0543478261,-0.167826086956522,0.75,92657.25
EuroCOVIDhub-ensemble,DE,Cases,2022-10-31,33913.7625,32644.4907608696,650.978260869565,618.29347826087,0.332173913043478,0.025,15548.75
EuroCOVIDhub-ensemble,DE,Cases,2022-11-07,23452.8766304348,19870.3766304348,3582.5,0,0.26695652173913,-0.25,39128
EuroCOVIDhub-ensemble,DE,Cases,2022-11-14,18637.9456521739,16904.5543478261,1649.45652173913,83.9347826086957,0.332173913043478,-0.075,21055.5
EuroCOVIDhub-ensemble,DE,Cases,2022-11-21,25351.3704347826,18269.3486956522,7082.02173913044,0,0.158260869565217,-0.375,52160.5
EuroCOVIDhub-ensemble,DE,Cases,2022-11-28,27807.9307608696,14142.6916304348,13665.2391304348,0,-0.0373913043478261,-0.6,53692.5
EuroCOVIDhub-ensemble,DE,Cases,2022-12-05,20848.6769565217,15819.8943478261,0,5028.78260869565,0.26695652173913,0.25,28159
EuroCOVIDhub-ensemble,DE,Cases,2022-12-12,25983.5638043478,18698.6072826087,669.978260869565,6614.97826086957,0.114782608695652,0.125,35321.5
EuroCOVIDhub-ensemble,DE,Cases,2022-12-19,72071.5369565217,24780.2217391304,0,47291.3152173913,-0.167826086956522,0.7375,106707.25
EuroCOVIDhub-ensemble,DE,Cases,2022-12-26,77497.9426086957,20068.91,0,57429.0326086957,-0.40695652173913,0.9525,112662.25
EuroCOVIDhub-ensemble,DE,Cases,2023-01-02,43813.9277173913,16905.6668478261,0,26908.2608695652,-0.211304347826087,0.8,79841
EuroCOVIDhub-ensemble,DE,Cases,2023-01-09,15707.3193478261,11657.4932608696,4.40217391304348,4045.42391304348,0.201739130434783,0.275,19493
EuroCOVIDhub-ensemble,DE,Cases,2023-01-16,12407.3957608696,9267.33054347826,2588.72826086957,551.336956521739,0.201739130434783,-0.125,20524.5
EuroCOVIDhub-ensemble,DE,Cases,2023-01-23,21990.5147826087,6419.55826086957,15570.9565217391,0,-0.211304347826087,-0.8,38486
EuroCOVIDhub-ensemble,DE,Cases,2023-01-30,13970.0764130435,13776.9459782609,168.163043478261,24.9673913043478,0.375652173913044,-0.025,3512.5
EuroCOVIDhub-ensemble,DE,Cases,2023-02-06,15199.487826087,14872.3030434783,0,327.184782608696,0.375652173913044,0.125,6284.75
EuroCOVIDhub-ensemble,DE,Cases,2023-02-13,10636.6927536232,9544.46086956522,1092.23188405797,0,0.252463768115942,-0.266666666666667,9686.66666666667
EuroCOVIDhub-ensemble,DE,Cases,2023-02-20,8978.41173913044,8295.08565217391,243.217391304348,440.108695652174,0.310434782608696,0,7591.5
EuroCOVIDhub-ensemble,DE,Cases,2023-02-27,11137.2608695652,6345.21739130435,0,4792.04347826087,-0.0373913043478261,0.6,18395
EuroCOVIDhub-ensemble,DE,Deaths,2021-03-15,181.469673913044,123.121847826087,0,58.3478260869565,0.071304347826087,0.475,304
EuroCOVIDhub-ensemble,DE,Deaths,2021-03-22,236.572826086957,127.703260869565,0,108.869565217391,-0.0591304347826087,0.625,421.5
EuroCOVIDhub-ensemble,DE,Deaths,2021-03-29,203.071195652174,157.321195652174,0,45.75,0.136521739130435,0.4,283.75
EuroCOVIDhub-ensemble,DE,Deaths,2021-04-05,202.097391304348,111.521304347826,90.5760869565217,0,0.0278260869565217,-0.525,381.75
EuroCOVIDhub-ensemble,DE,Deaths,2021-04-12,146.6625,124.792934782609,21.8695652173913,0,0.201739130434783,-0.325,164.5
EuroCOVIDhub-ensemble,DE,Deaths,2021-04-19,211.940543478261,134.603586956522,0,77.3369565217391,0.136521739130435,0.4,315.25
EuroCOVIDhub-ensemble,DE,Deaths,2021-04-26,178.14,81.9552173913044,0,96.1847826086957,-0.0156521739130435,0.575,289.25
EuroCOVIDhub-ensemble,DE,Deaths,2021-05-03,109.248152173913,80.356847826087,0,28.8913043478261,0.158260869565217,0.375,148.5
EuroCOVIDhub-ensemble,DE,Deaths,2021-05-10,91.6823913043478,68.3454347826087,0,23.3369565217391,0.18,0.35,122.75
EuroCOVIDhub-ensemble,DE,Deaths,2021-05-17,63.1120652173913,55.0685869565217,7.42391304347826,0.619565217391305,0.26695652173913,-0.15,60.5
EuroCOVIDhub-ensemble,DE,Deaths,2021-05-24,58.1284782608696,45.4980434782609,0.347826086956522,12.2826086956522,0.18,0.25,74
EuroCOVIDhub-ensemble,DE,Deaths,2021-05-31,47.2976086956522,39.4932608695652,7.59782608695652,0.206521739130435,0.26695652173913,-0.2,57
EuroCOVIDhub-ensemble,DE,Deaths,2021-06-07,46.8963043478261,33.6571739130435,13.2391304347826,0,0.201739130434783,-0.325,58
EuroCOVIDhub-ensemble,DE,Deaths,2021-06-14,37.5396739130435,22.9092391304348,14.554347826087,0.0760869565217391,0.223478260869565,-0.25,42.5
EuroCOVIDhub-ensemble,DE,Deaths,2021-06-21,31.983152173913,21.5701086956522,9.56521739130435,0.847826086956522,0.201739130434783,-0.075,38.5
EuroCOVIDhub-ensemble,DE,Deaths,2021-06-28,21.2222826086957,16.1788043478261,5.04347826086957,0,0.245217391304348,-0.275,25.5
EuroCOVIDhub-ensemble,DE,Deaths,2021-07-05,20.4675,14.3153260869565,6.11956521739131,0.0326086956521739,0.201739130434783,-0.275,29.5
EuroCOVIDhub-ensemble,DE,Deaths,2021-07-12,19.2928260869565,18.3363043478261,0.619565217391304,0.33695652173913,0.288695652173913,-0.025,13
EuroCOVIDhub-ensemble,DE,Deaths,2021-07-19,33.8396739130435,16.4592391304348,1.94565217391304,15.4347826086957,0.071304347826087,0.225,58.25
EuroCOVIDhub-ensemble,DE,Deaths,2021-07-26,73.48,18.8930434782609,0,54.5869565217391,-0.254782608695652,0.8075,106.5
EuroCOVIDhub-ensemble,DE,Deaths,2021-08-02,108.944347826087,17.0313043478261,0,91.9130434782609,-0.472173913043478,0.97,144.5
EuroCOVIDhub-ensemble,DE,Deaths,2021-08-09,55.1373913043478,18.5286956521739,0,36.6086956521739,-0.211304347826087,0.8,93.5
EuroCOVIDhub-ensemble,DE,Deaths,2021-08-16,27.1441304347826,21.2963043478261,0,5.84782608695652,0.158260869565217,0.375,39
EuroCOVIDhub-ensemble,DE,Deaths,2021-08-23,65.4947826086957,23.1360869565217,0,42.3586956521739,-0.102608695652174,0.675,131.75
EuroCOVIDhub-ensemble,DE,Deaths,2021-08-30,26.3447826086957,22.8339130434783,2.85869565217391,0.652173913043478,0.288695652173913,-0.125,28.75
EuroCOVIDhub-ensemble,DE,Deaths,2021-09-06,32.689347826087,25.4828260869565,7.19565217391304,0.0108695652173913,0.288695652173913,-0.175,29.75
EuroCOVIDhub-ensemble,DE,Deaths,2021-09-13,38.2341304347826,21.9841304347826,16.25,0,0.071304347826087,-0.475,72.25
EuroCOVIDhub-ensemble,DE,Deaths,2021-09-20,45.7803260869565,29.0738043478261,16.7065217391304,0,0.114782608695652,-0.425,77.25
EuroCOVIDhub-ensemble,DE,Deaths,2021-09-27,33.2721739130435,25.4895652173913,7.66304347826087,0.119565217391304,0.26695652173913,-0.2,39.5
EuroCOVIDhub-ensemble,DE,Deaths,2021-10-04,61.8578260869565,27.4773913043478,34.3804347826087,0,0.136521739130435,-0.4,112.75
EuroCOVIDhub-ensemble,DE,Deaths,2021-10-11,89.7836956521739,29.6097826086957,60.1739130434783,0,-0.0373913043478261,-0.6,158.5
EuroCOVIDhub-ensemble,DE,Deaths,2021-10-18,168.274565217391,28.9158695652174,139.358695652174,0,-0.276521739130435,-0.8325,262.75
EuroCOVIDhub-ensemble,DE,Deaths,2021-10-25,126.78652173913,44.0908695652174,82.6956521739131,0,-0.0808695652173913,-0.65,239.5
EuroCOVIDhub-ensemble,DE,Deaths,2021-11-01,84.4733695652174,76.908152173913,6.46739130434783,1.09782608695652,0.288695652173913,-0.025,77.5
EuroCOVIDhub-ensemble,DE,Deaths,2021-11-08,79.6692391304348,58.7127173913044,20.9565217391304,0,0.0930434782608696,-0.45,94.5
EuroCOVIDhub-ensemble,DE,Deaths,2021-11-15,245.067934782609,70.0788043478261,0,174.989130434783,-0.102608695652174,0.675,436.75
EuroCOVIDhub-ensemble,DE,Deaths,2021-11-22,268.545543478261,97.3064130434783,0,171.239130434783,0.00608695652173914,0.55,580
EuroCOVIDhub-ensemble,DE,Deaths,2021-11-29,291.611847826087,118.85097826087,0,172.760869565217,-0.0373913043478261,0.6,541.5
EuroCOVIDhub-ensemble,DE,Deaths,2021-12-06,208.255,132.439782608696,3.76086956521739,72.054347826087,0.136521739130435,0.2,348.25
EuroCOVIDhub-ensemble,DE,Deaths,2021-12-13,287.384782608696,129.830434782609,0,157.554347826087,-0.211304347826087,0.74,405.75
EuroCOVIDhub-ensemble,DE,Deaths,2021-12-20,155.03902173913,99.4629347826087,0.66304347826087,54.9130434782609,0.071304347826087,0.425,187.75
EuroCOVIDhub-ensemble,DE,Deaths,2021-12-27,215.41902173913,72.4733695652174,142.945652173913,0,0.00608695652173914,-0.55,398.75
EuroCOVIDhub-ensemble,DE,Deaths,2022-01-03,197.825652173913,90.3473913043478,105.923913043478,1.55434782608696,0.0495652173913044,-0.3875,285
EuroCOVIDhub-ensemble,DE,Deaths,2022-01-10,421.063586956522,170.509239130435,0,250.554347826087,-0.0591304347826087,0.625,814.25
EuroCOVIDhub-ensemble,DE,Deaths,2022-01-17,277.092065217391,93.9725,0,183.119565217391,-0.167826086956522,0.75,472.25
EuroCOVIDhub-ensemble,DE,Deaths,2022-01-24,270.334565217391,157.899782608696,0,112.434782608696,0.00608695652173913,0.55,512
EuroCOVIDhub-ensemble,DE,Deaths,2022-01-31,160.129782608696,94.1841304347826,0,65.9456521739131,0.071304347826087,0.475,280.75
EuroCOVIDhub-ensemble,DE,Deaths,2022-02-07,154.006304347826,87.8976086956522,66.1086956521739,0,0.0495652173913044,-0.5,218.5
EuroCOVIDhub-ensemble,DE,Deaths,2022-02-14,97.3271739130435,88.1423913043478,8.97826086956522,0.206521739130435,0.332173913043478,-0.125,61.25
EuroCOVIDhub-ensemble,DE,Deaths,2022-02-21,123.469891304348,107.035108695652,16.4347826086957,0,0.18,-0.35,132.5
EuroCOVIDhub-ensemble,DE,Deaths,2022-02-28,122.505217391304,89.5595652173913,32.9456521739131,0,0.0930434782608696,-0.45,201.25
EuroCOVIDhub-ensemble,DE,Deaths,2022-03-07,135,118.684782608696,16.3152173913043,0,0.288695652173913,-0.225,132.25
EuroCOVIDhub-ensemble,DE,Deaths,2022-03-14,106.155543478261,95.8077173913044,9.32608695652174,1.02173913043478,0.34304347826087,-0.1,106.5
EuroCOVIDhub-ensemble,DE,Deaths,2022-03-21,124.969239130435,118.458369565217,2.43478260869565,4.07608695652174,0.310434782608696,-0.05,87.75
EuroCOVIDhub-ensemble,DE,Deaths,2022-03-28,358.209891304348,106.166413043478,252.04347826087,0,-0.32,-0.8825,668
EuroCOVIDhub-ensemble,DE,Deaths,2022-04-04,148.93402173913,121.053586956522,0.467391304347826,27.4130434782609,0.245217391304348,0.225,232.25
EuroCOVIDhub-ensemble,DE,Deaths,2022-04-11,168.843695652174,154.408913043478,3.16304347826087,11.2717391304348,0.288695652173913,0.075,161
EuroCOVIDhub-ensemble,DE,Deaths,2022-04-18,146.404347826087,87.0565217391304,59.3478260869565,0,0.00608695652173913,-0.55,253.5
EuroCOVIDhub-ensemble,DE,Deaths,2022-04-25,124.924782608696,78.3813043478261,46.5434782608696,0,0.0495652173913044,-0.5,185
EuroCOVIDhub-ensemble,DE,Deaths,2022-05-02,76.5809782608696,74.2331521739131,1.52173913043478,0.826086956521739,0.375652173913044,0.025,41.5
EuroCOVIDhub-ensemble,DE,Deaths,2022-05-09,78.8427173913044,67.4296739130435,7.44565217391304,3.96739130434783,0.201739130434783,-0.125,73.5
EuroCOVIDhub-ensemble,DE,Deaths,2022-05-16,65.5510869565218,53.4967391304348,3.10869565217391,8.94565217391304,0.223478260869565,0.05,76.25
EuroCOVIDhub-ensemble,DE,Deaths,2022-05-23,56.4183695652174,46.0705434782609,0.0978260869565217,10.25,0.288695652173913,0.125,52
EuroCOVIDhub-ensemble,DE,Deaths,2022-05-30,97.0935869565218,30.0827173913044,67.0108695652174,0,-0.0373913043478261,-0.6,172.75
EuroCOVIDhub-ensemble,DE,Deaths,2022-06-06,79.6111956521739,44.6546739130435,34.7717391304348,0.184782608695652,0.136521739130435,-0.35,112.5
EuroCOVIDhub-ensemble,DE,Deaths,2022-06-13,73.5470652173913,60.2209782608696,13.195652173913,0.130434782608696,0.18,-0.3,90.5
EuroCOVIDhub-ensemble,DE,Deaths,2022-06-20,88.2130434782609,49.6695652173913,38.5434782608696,0,0.00608695652173912,-0.55,181.5
EuroCOVIDhub-ensemble,DE,Deaths,2022-06-27,98.8283695652174,74.5675,0,24.2608695652174,0.114782608695652,0.425,156.5
EuroCOVIDhub-ensemble,DE,Deaths,2022-07-04,66.3838043478261,53.7316304347826,0,12.6521739130435,0.18,0.35,79.5
EuroCOVIDhub-ensemble,DE,Deaths,2022-07-11,69.4803260869565,65.0129347826087,4.10869565217391,0.358695652173913,0.332173913043478,-0.075,52.25
EuroCOVIDhub-ensemble,DE,Deaths,2022-07-18,70.1161956521739,63.7466304347826,0,6.36956521739131,0.26695652173913,0.25,55.5
EuroCOVIDhub-ensemble,DE,Deaths,2022-07-25,78.98,63.7626086956522,15.2173913043478,0,0.223478260869565,-0.3,98.5
EuroCOVIDhub-ensemble,DE,Deaths,2022-08-01,53.8791304347826,48.2378260869565,5.64130434782609,0,0.245217391304348,-0.275,42.25
EuroCOVIDhub-ensemble,DE,Deaths,2022-08-08,41.3623913043478,33.3515217391304,2.14130434782609,5.86956521739131,0.201739130434783,0.025,51.75
EuroCOVIDhub-ensemble,DE,Deaths,2022-08-15,53.0322826086957,29.7714130434783,1.76086956521739,21.5,0.0278260869565217,0.325,77
EuroCOVIDhub-ensemble,DE,Deaths,2022-08-22,60.279347826087,39.279347826087,0,21,0.0495652173913044,0.5,81.5
EuroCOVIDhub-ensemble,DE,Deaths,2022-08-29,77.5466304347826,35.0248913043478,42.5217391304348,0,-0.102608695652174,-0.675,130.5
EuroCOVIDhub-ensemble,DE,Deaths,2022-09-05,55.4489130434783,39.579347826087,15.8695652173913,0,0.201739130434783,-0.325,95
EuroCOVIDhub-ensemble,DE,Deaths,2022-09-12,65.9434782608696,46.8891304347826,19.054347826087,0,0.114782608695652,-0.425,77.25
EuroCOVIDhub-ensemble,DE,Deaths,2022-09-19,65.5679347826087,45.9375,5.8804347826087,13.75,0.18,0.15,115.5
EuroCOVIDhub-ensemble,DE,Deaths,2022-09-26,94.7141304347826,69.5184782608696,13.8695652173913,11.3260869565217,0.136521739130435,-0.05,131.5
EuroCOVIDhub-ensemble,DE,Deaths,2022-10-03,289.191086956522,120.843260869565,0,168.347826086957,-0.124347826086957,0.7,510
EuroCOVIDhub-ensemble,DE,Deaths,2022-10-10,161.478043478261,93.9671739130435,32.2826086956522,35.2282608695652,0.071304347826087,-0.175,264.25
EuroCOVIDhub-ensemble,DE,Deaths,2022-10-17,216.43402173913,61.4992391304348,0,154.934782608696,-0.102608695652174,0.6625,330.5
EuroCOVIDhub-ensemble,DE,Deaths,2022-10-24,100.123260869565,70.4819565217391,0.423913043478261,29.2173913043478,0.136521739130435,0.35,105.75
EuroCOVIDhub-ensemble,DE,Deaths,2022-10-31,106.892826086957,76.3384782608696,1.66304347826087,28.8913043478261,0.201739130434783,0.175,89.25
EuroCOVIDhub-ensemble,DE,Deaths,2022-11-07,137.099347826087,64.4580434782609,72.6413043478261,0,-0.0808695652173913,-0.65,249.75
EuroCOVIDhub-ensemble,DE,Deaths,2022-11-14,130.448152173913,38.4807608695652,91.9673913043478,0,-0.189565217391304,-0.775,225.75
EuroCOVIDhub-ensemble,DE,Deaths,2022-11-21,123.351630434783,112.579891304348,1.32608695652174,9.44565217391304,0.332173913043478,0.125,118.25
EuroCOVIDhub-ensemble,DE,Deaths,2022-11-28,96.6669565217391,51.9821739130435,41.9347826086957,2.75,0.071304347826087,-0.275,171.25
EuroCOVIDhub-ensemble,DE,Deaths,2022-12-05,144.383369565217,34.5138043478261,109.869565217391,0,-0.23304347826087,-0.8125,256.5
EuroCOVIDhub-ensemble,DE,Deaths,2022-12-12,115.855434782609,62.475,53.3804347826087,0,0.071304347826087,-0.475,185.25
EuroCOVIDhub-ensemble,DE,Deaths,2022-12-19,112.998804347826,95.8575,1.01086956521739,16.1304347826087,0.201739130434783,0.225,127.75
EuroCOVIDhub-ensemble,DE,Deaths,2023-01-02,143.302608695652,71.8460869565217,71.4565217391304,0,0.0495652173913044,-0.5,226
EuroCOVIDhub-ensemble,DE,Deaths,2023-01-09,65.9303260869565,52.2998913043478,13.6304347826087,0,0.201739130434783,-0.325,84.5
EuroCOVIDhub-ensemble,DE,Deaths,2023-01-16,81.8794565217391,57.0098913043478,24.8695652173913,0,0.18,-0.35,127
EuroCOVIDhub-ensemble,DE,Deaths,2023-01-23,76.0754347826087,34.0319565217391,32.0108695652174,10.0326086956522,0.0495652173913044,-0.25,124
EuroCOVIDhub-ensemble,DE,Deaths,2023-01-30,67.1857608695652,55.0553260869565,12.1304347826087,0,0.158260869565217,-0.375,88
EuroCOVIDhub-ensemble,DE,Deaths,2023-02-06,57.0932608695652,53.419347826087,0.108695652173913,3.56521739130435,0.310434782608696,0.15,37.5
EuroCOVIDhub-ensemble,DE,Deaths,2023-02-13,59.3004347826087,53.5033333333333,0,5.79710144927536,0.281449275362319,0.233333333333333,45.3333333333333
EuroCOVIDhub-ensemble,DE,Deaths,2023-02-20,55.6504347826087,42.6504347826087,0,13,0.18,0.35,91
EuroCOVIDhub-ensemble,DE,Deaths,2023-02-27,41.3978260869565,39.05,2.34782608695652,0,0.310434782608696,-0.2,32
EuroCOVIDhub-ensemble,PL,Cases,2021-03-15,20540.4093478261,13024.4202173913,2448.69565217391,5067.29347826087,0.0930434782608696,-0.1,32630.25
EuroCOVIDhub-ensemble,PL,Cases,2021-03-22,64623.0526086957,18166.9330434783,10.2173913043478,46445.9021739131,-0.167826086956522,0.6,95973.25
EuroCOVIDhub-ensemble,PL,Cases,2021-03-29,100559.198152174,14896.2416304348,0,85662.9565217391,-0.428695652173913,0.9,141433.5
EuroCOVIDhub-ensemble,PL,Cases,2021-04-05,81366.645326087,10751.7431521739,0,70614.902173913,-0.559130434782609,1,109631.75
EuroCOVIDhub-ensemble,PL,Cases,2021-04-12,28486.3248913044,9097.1727173913,0,19389.152173913,-0.298260869565217,0.82,42971.5
EuroCOVIDhub-ensemble,PL,Cases,2021-04-19,23317.0544565217,6133.13054347826,0,17183.9239130435,-0.472173913043478,0.97,37566.25
EuroCOVIDhub-ensemble,PL,Cases,2021-04-26,7102.85434782609,2998.76739130435,0,4104.08695652174,-0.23304347826087,0.8125,12930.5
EuroCOVIDhub-ensemble,PL,Cases,2021-05-03,4054.99239130435,2004.65543478261,0,2050.33695652174,-0.146086956521739,0.695,6389.75
EuroCOVIDhub-ensemble,PL,Cases,2021-05-10,4500.91923913044,1580.5822826087,0,2920.33695652174,-0.276521739130435,0.775,6528.25
EuroCOVIDhub-ensemble,PL,Cases,2021-05-17,4586.10336956522,1101.61423913043,0,3484.48913043478,-0.472173913043478,0.95,6528.75
EuroCOVIDhub-ensemble,PL,Cases,2021-05-24,1382.67826086957,577.830434782609,0,804.847826086957,-0.276521739130435,0.8625,2234.5
EuroCOVIDhub-ensemble,PL,Cases,2021-05-31,1231.58510869565,438.672065217391,0,792.913043478261,-0.341739130434783,0.9075,2039.5
EuroCOVIDhub-ensemble,PL,Cases,2021-06-07,879.709239130435,327.122282608696,0,552.586956521739,-0.341739130434783,0.8875,1416.5
EuroCOVIDhub-ensemble,PL,Cases,2021-06-14,430.747934782609,301.82402173913,0,128.923913043478,-0.0156521739130435,0.575,654.25
EuroCOVIDhub-ensemble,PL,Cases,2021-06-21,168.451195652174,135.38597826087,0.130434782608696,32.9347826086957,0.158260869565217,0.325,174.5
EuroCOVIDhub-ensemble,PL,Cases,2021-06-28,133.337934782609,105.587934782609,27.75,0,0.277826086956522,-0.225,196.75
EuroCOVIDhub-ensemble,PL,Cases,2021-07-05,157.639130434783,94.5304347826087,63.1086956521739,0,0.136521739130435,-0.4,320.5
EuroCOVIDhub-ensemble,PL,Cases,2021-07-12,206.144130434783,151.731086956522,54.4130434782609,0,0.158260869565217,-0.375,359.5
EuroCOVIDhub-ensemble,PL,Cases,2021-07-19,141.835869565217,80.5315217391305,61.304347826087,0,0.00608695652173913,-0.55,300
EuroCOVIDhub-ensemble,PL,Cases,2021-07-26,127.019347826087,121.50847826087,5.51086956521739,0,0.353913043478261,-0.15,88.75
EuroCOVIDhub-ensemble,PL,Cases,2021-08-02,130.821304347826,127.766956521739,1.94565217391304,1.10869565217391,0.353913043478261,-0.05,52.75
EuroCOVIDhub-ensemble,PL,Cases,2021-08-09,163.528043478261,155.734565217391,6.67391304347826,1.1195652173913,0.375652173913044,-0.025,113.75
EuroCOVIDhub-ensemble,PL,Cases,2021-08-16,203.977717391304,168.260326086957,26.4673913043478,9.25,0.201739130434783,0.0250000000000001,260.5
EuroCOVIDhub-ensemble,PL,Cases,2021-08-23,446.012173913044,151.577391304348,293.021739130435,1.41304347826087,0.00608695652173913,-0.45,768.5
EuroCOVIDhub-ensemble,PL,Cases,2021-08-30,913.7025,162.974239130435,750.728260869565,0,-0.276521739130435,-0.8625,1503.75
EuroCOVIDhub-ensemble,PL,Cases,2021-09-06,574.193152173913,402.4975,171.695652173913,0,0.201739130434783,-0.325,864.5
EuroCOVIDhub-ensemble,PL,Cases,2021-09-13,812.034673913044,537.436847826087,274.597826086957,0,0.18,-0.35,1328.75
EuroCOVIDhub-ensemble,PL,Cases,2021-09-20,897.21847826087,665.511956521739,222.510869565217,9.19565217391304,0.26695652173913,-0.05,1428.75
EuroCOVIDhub-ensemble,PL,Cases,2021-09-27,5323.46663043478,725.27097826087,4598.19565217391,0,-0.363478260869565,-0.8625,8248
EuroCOVIDhub-ensemble,PL,Cases,2021-10-04,6647.65619565217,1434.81923913043,5212.83695652174,0,-0.189565217391304,-0.7625,11908.25
EuroCOVIDhub-ensemble,PL,Cases,2021-10-11,12980.9040217391,1328.68663043478,11652.2173913043,0,-0.385217391304348,-0.87,19629
EuroCOVIDhub-ensemble,PL,Cases,2021-10-18,16415.907173913,2418.57021739131,13997.3369565217,0,-0.472173913043478,-0.9775,26136.25
EuroCOVIDhub-ensemble,PL,Cases,2021-10-25,6895.58804347826,4547.28369565217,2348.30434782609,0,0.0495652173913044,-0.5,10569.5
EuroCOVIDhub-ensemble,PL,Cases,2021-11-01,6835.05,4756.06086956522,44.3804347826087,2034.60869565217,0.158260869565217,0.275,11712.25
EuroCOVIDhub-ensemble,PL,Cases,2021-11-08,28357.3588043478,11778.2935869565,0,16579.0652173913,-0.0808695652173913,0.65,55596
EuroCOVIDhub-ensemble,PL,Cases,2021-11-15,27387.7026086957,6055.39826086957,0,21332.3043478261,-0.0591304347826087,0.625,45580.5
EuroCOVIDhub-ensemble,PL,Cases,2021-11-22,36976.8973913043,8997.91913043478,0,27978.9782608696,-0.385217391304348,0.9075,50799
EuroCOVIDhub-ensemble,PL,Cases,2021-11-29,42044.6754347826,6882.53413043478,0,35162.1413043478,-0.40695652173913,0.945,61181.25
EuroCOVIDhub-ensemble,PL,Cases,2021-12-06,18843.5010869565,6435.38152173913,0,12408.1195652174,-0.102608695652174,0.675,30588.75
EuroCOVIDhub-ensemble,PL,Cases,2021-12-13,13370.1155434783,4571.6372826087,0,8798.47826086957,-0.211304347826087,0.7875,19693
EuroCOVIDhub-ensemble,PL,Cases,2021-12-20,12959.1201086957,3730.29402173913,7101.16304347826,2127.66304347826,-0.167826086956522,0,23634.5
EuroCOVIDhub-ensemble,PL,Cases,2021-12-27,42243.9171739131,4448.25413043478,37795.6630434783,0,-0.276521739130435,-0.795,52363.25
EuroCOVIDhub-ensemble,PL,Cases,2022-01-03,104240.040652174,3797.56239130435,100442.47826087,0,-0.493913043478261,-0.9825,116922.5
EuroCOVIDhub-ensemble,PL,Cases,2022-01-10,102863.083913043,6886.63826086957,95976.4456521739,0,-0.363478260869565,-0.825,127292.25
EuroCOVIDhub-ensemble,PL,Cases,2022-01-17,78935.8647826087,10541.5060869565,68394.3586956522,0,-0.341739130434783,-0.85,113267.75
EuroCOVIDhub-ensemble,PL,Cases,2022-01-24,162031.746304348,32225.8223913044,0,129805.923913043,-0.32,0.795,206728.75
EuroCOVIDhub-ensemble,PL,Cases,2022-01-31,263718.037717391,22283.1138043478,0,241434.923913044,-0.537391304347826,0.995,341994.75
EuroCOVIDhub-ensemble,PL,Cases,2022-02-07,121379.60423913,17874.180326087,0,103505.423913043,-0.472173913043478,0.97,185990.75
EuroCOVIDhub-ensemble,PL,Cases,2022-02-14,10981.2064130435,8282.36945652174,0,2698.83695652174,0.18,0.35,19746.25
EuroCOVIDhub-ensemble,PL,Cases,2022-02-21,8693.90891304348,6174.56108695652,2519.34782608696,0,0.18,-0.35,15451.5
EuroCOVIDhub-ensemble,PL,Cases,2022-02-28,10585.4748913043,3839.88793478261,6745.58695652174,0,-0.0156521739130435,-0.575,18811
EuroCOVIDhub-ensemble,PL,Cases,2022-03-07,6921.77804347826,3094.08239130435,3566.69565217391,261,-0.0808695652173913,-0.45,12370.5
EuroCOVIDhub-ensemble,PL,Cases,2022-03-14,18524.2819565217,4345.43413043478,43.9565217391304,14134.8913043478,-0.23304347826087,0.645,28276
EuroCOVIDhub-ensemble,PL,Cases,2022-03-21,28220.0667391304,5384.19717391304,0,22835.8695652174,-0.472173913043478,0.95,43035.5
EuroCOVIDhub-ensemble,PL,Cases,2022-03-28,12094.9660869565,2703.43347826087,0,9391.53260869565,-0.428695652173913,0.9575,19435.75
EuroCOVIDhub-ensemble,PL,Cases,2022-04-04,2483.82902173913,838.829021739131,54.6847826086957,1590.3152173913,-0.0156521739130435,0.345,3655.5
EuroCOVIDhub-ensemble,PL,Cases,2022-04-11,2216.97173913043,226.971739130435,1990,0,-0.32,-0.9,3281
EuroCOVIDhub-ensemble,PL,Cases,2022-04-18,559.568913043478,386.655869565217,172.913043478261,0,0.158260869565217,-0.375,897
EuroCOVIDhub-ensemble,PL,Cases,2022-04-25,566.468043478261,480.26152173913,12.445652173913,73.7608695652174,0.18,0.2,683.25
EuroCOVIDhub-ensemble,PL,Cases,2022-05-02,1113.25902173913,492.672065217391,0,620.586956521739,-0.167826086956522,0.75,1993.5
EuroCOVIDhub-ensemble,PL,Cases,2022-05-09,298.699347826087,276.905869565217,0,21.7934782608696,0.288695652173913,0.225,209.75
EuroCOVIDhub-ensemble,PL,Cases,2022-05-16,290.908695652174,247.55,0,43.3586956521739,0.201739130434783,0.325,283.75
EuroCOVIDhub-ensemble,PL,Cases,2022-05-23,179.856847826087,150.769891304348,27.0434782608696,2.04347826086957,0.245217391304348,-0.125,229.5
EuroCOVIDhub-ensemble,PL,Cases,2022-05-30,242.79152173913,146.606739130435,96.1847826086957,0,0.136521739130435,-0.4,449.75
EuroCOVIDhub-ensemble,PL,Cases,2022-06-06,469.080326086957,169.645543478261,299.423913043478,0.0108695652173913,0.114782608695652,-0.375,789
EuroCOVIDhub-ensemble,PL,Cases,2022-06-13,967.101521739131,251.503695652174,705.239130434783,10.3586956521739,-0.0591304347826087,-0.375,1780.25
EuroCOVIDhub-ensemble,PL,Cases,2022-06-20,3845.76195652174,104.435869565217,3741.32608695652,0,-0.493913043478261,-0.975,4355.5
EuroCOVIDhub-ensemble,PL,Cases,2022-06-27,6092.79467391304,212.262065217391,5880.53260869565,0,-0.537391304347826,-0.995,6797.25
EuroCOVIDhub-ensemble,PL,Cases,2022-07-04,6552.73945652174,328.815543478261,6223.92391304348,0,-0.493913043478261,-0.975,8072.25
EuroCOVIDhub-ensemble,PL,Cases,2022-07-11,3648.49108695652,1395.67586956522,2252.8152173913,0,-0.167826086956522,-0.7375,6562.75
EuroCOVIDhub-ensemble,PL,Cases,2022-07-18,3117.58076086957,2449.31989130435,139.782608695652,528.478260869565,0.223478260869565,-2.77555756156289e-17,4330
EuroCOVIDhub-ensemble,PL,Cases,2022-07-25,8783.5002173913,4975.82630434783,0,3807.67391304348,-0.0808695652173913,0.65,17973.5
EuroCOVIDhub-ensemble,PL,Cases,2022-08-01,2215.97445652174,2202.93097826087,8.28260869565217,4.76086956521739,0.397391304347826,-5.55111512312578e-17,300
EuroCOVIDhub-ensemble,PL,Cases,2022-08-08,2365.08239130435,1875.25630434783,0,489.826086956522,0.223478260869565,0.3,3508.5
EuroCOVIDhub-ensemble,PL,Cases,2022-08-15,2460.54923913044,2077.76663043478,12.6739130434783,370.108695652174,0.245217391304348,0.225,2674.5
EuroCOVIDhub-ensemble,PL,Cases,2022-08-22,2854.82739130435,2335.99043478261,408.163043478261,110.673913043478,0.288695652173913,-0.025,3265.25
EuroCOVIDhub-ensemble,PL,Cases,2022-08-29,3816.76597826087,1594.74423913044,2111.92391304348,110.097826086957,-0.0373913043478261,-0.35,6810
EuroCOVIDhub-ensemble,PL,Cases,2022-09-05,7711.60423913044,1319.86510869565,6391.73913043478,0,-0.363478260869565,-0.915,11806.5
EuroCOVIDhub-ensemble,PL,Cases,2022-09-12,3984.92326086957,2519.11891304348,354.95652173913,1110.84782608696,0.0930434782608696,0.1,5534
EuroCOVIDhub-ensemble,PL,Cases,2022-09-19,9846.6275,2042.9427173913,0,7803.6847826087,-0.254782608695652,0.85,16831.25
EuroCOVIDhub-ensemble,PL,Cases,2022-09-26,6252.57826086957,2753.56739130435,0,3499.01086956522,-0.23304347826087,0.8125,11611.25
EuroCOVIDhub-ensemble,PL,Cases,2022-10-03,2944.45641304348,1625.7825,0,1318.67391304348,-0.146086956521739,0.725,5080.5
EuroCOVIDhub-ensemble,PL,Cases,2022-10-10,1632.74043478261,827.577391304348,0,805.163043478261,-0.102608695652174,0.675,2835.25
EuroCOVIDhub-ensemble,PL,Cases,2022-10-17,1194.98184782609,735.166630434783,0,459.815217391304,0.00608695652173913,0.55,2147.75
EuroCOVIDhub-ensemble,PL,Cases,2022-10-24,719.374130434783,457.700217391304,0,261.673913043478,0.0278260869565217,0.525,1309
EuroCOVIDhub-ensemble,PL,Cases,2022-10-31,343.884239130435,294.601630434783,0.282608695652174,49,0.245217391304348,0.225,342
EuroCOVIDhub-ensemble,PL,Cases,2022-11-07,425.116413043478,188.714239130435,234.565217391304,1.83695652173913,0.0278260869565217,-0.475,753.75
EuroCOVIDhub-ensemble,PL,Cases,2022-11-14,630.899347826087,151.377608695652,479.521739130435,0,-0.23304347826087,-0.8125,1057.5
EuroCOVIDhub-ensemble,PL,Cases,2022-11-21,704.626739130435,155.507173913044,549.119565217391,0,-0.211304347826087,-0.8,1217.75
EuroCOVIDhub-ensemble,PL,Cases,2022-11-28,662.249891304348,286.836847826087,375.413043478261,0,-0.0808695652173913,-0.65,1329.5
EuroCOVIDhub-ensemble,PL,Cases,2022-12-05,420.97347826087,359.712608695652,38.8695652173913,22.3913043478261,0.26695652173913,-0.05,464.5
EuroCOVIDhub-ensemble,PL,Cases,2022-12-12,532.725434782609,435.899347826087,25.4130434782609,71.4130434782609,0.26695652173913,0.05,569.5
EuroCOVIDhub-ensemble,PL,Cases,2022-12-19,1268.14173913043,369.837391304348,0,898.304347826087,-0.167826086956522,0.7375,1805
EuroCOVIDhub-ensemble,PL,Cases,2022-12-26,1093.38032608696,421.82597826087,0,671.554347826087,-0.254782608695652,0.85,1747.75
EuroCOVIDhub-ensemble,PL,Cases,2023-01-02,487.01847826087,394.898913043478,2.28260869565217,89.8369565217391,0.114782608695652,0.375,496.25
EuroCOVIDhub-ensemble,PL,Cases,2023-01-09,492.419347826087,259.810652173913,123.717391304348,108.891304347826,0.00608695652173914,0.25,784
EuroCOVIDhub-ensemble,PL,Cases,2023-01-16,1478.94532608696,224.945326086957,1254,0,-0.146086956521739,-0.725,2505.5
EuroCOVIDhub-ensemble,PL,Cases,2023-01-23,2981.5797826087,281.362391304348,2700.21739130435,0,-0.40695652173913,-0.915,4258.5
EuroCOVIDhub-ensemble,PL,Cases,2023-01-30,2554.66891304348,663.103695652174,1891.5652173913,0,-0.211304347826087,-0.8,4660
EuroCOVIDhub-ensemble,PL,Cases,2023-02-06,2051.46,1466.03608695652,585.423913043478,0,0.158260869565217,-0.375,3560.75
EuroCOVIDhub-ensemble,PL,Cases,2023-02-13,1557.36376811594,811.885507246377,745.478260869565,0,-0.00840579710144927,-0.566666666666667,3066.66666666667
EuroCOVIDhub-ensemble,PL,Cases,2023-02-20,1103.21673913043,1067.2602173913,29.6739130434783,6.28260869565217,0.353913043478261,-0.05,626
EuroCOVIDhub-ensemble,PL,Cases,2023-02-27,1446.4352173913,1122.3047826087,0,324.130434782609,0.136521739130435,0.4,2267
EuroCOVIDhub-ensemble,PL,Deaths,2021-03-15,219.852282608696,212.308804347826,0,7.54347826086957,0.332173913043478,0.175,138
EuroCOVIDhub-ensemble,PL,Deaths,2021-03-22,252.936195652174,238.262282608696,5.39130434782609,9.28260869565217,0.332173913043478,0.025,165.5
EuroCOVIDhub-ensemble,PL,Deaths,2021-03-29,381.144673913043,255.590326086957,0,125.554347826087,0.158260869565217,0.375,578.75
EuroCOVIDhub-ensemble,PL,Deaths,2021-04-05,340.047391304348,219.797391304348,0.554347826086957,119.695652173913,0.158260869565217,0.325,491.75
EuroCOVIDhub-ensemble,PL,Deaths,2021-04-12,279.197826086957,195.708695652174,2.15217391304348,81.3369565217391,0.18,0.25,358.75
EuroCOVIDhub-ensemble,PL,Deaths,2021-04-19,280.305434782609,140.935869565217,1.25,138.119565217391,-0.0156521739130435,0.475,465.5
EuroCOVIDhub-ensemble,PL,Deaths,2021-04-26,180.872717391304,100.51402173913,0,80.3586956521739,0.0278260869565217,0.525,304.25
EuroCOVIDhub-ensemble,PL,Deaths,2021-05-03,111.606847826087,81.3785869565218,1.33695652173913,28.8913043478261,0.18,0.25,144.75
EuroCOVIDhub-ensemble,PL,Deaths,2021-05-10,103.927717391304,66.2320652173913,10.9347826086957,26.7608695652174,0.0495652173913044,0.1,168
EuroCOVIDhub-ensemble,PL,Deaths,2021-05-17,121.945652173913,58.5869565217391,0,63.3586956521739,-0.00478260869565218,0.55,189.25
EuroCOVIDhub-ensemble,PL,Deaths,2021-05-24,83.9891304347826,44.054347826087,0,39.9347826086957,-0.0373913043478261,0.6,143.5
EuroCOVIDhub-ensemble,PL,Deaths,2021-05-31,40.8108695652174,29.3217391304348,1.08695652173913,10.4021739130435,0.18,0.15,50.75
EuroCOVIDhub-ensemble,PL,Deaths,2021-06-07,26.85,17.8282608695652,9.02173913043478,0,0.212608695652174,-0.3,34.5
EuroCOVIDhub-ensemble,PL,Deaths,2021-06-14,18.9219565217391,16.3676086956522,0,2.55434782608696,0.256086956521739,0.25,20.25
EuroCOVIDhub-ensemble,PL,Deaths,2021-06-21,11.1738043478261,10.9129347826087,0.0108695652173913,0.25,0.386521739130435,0.05,3.5
EuroCOVIDhub-ensemble,PL,Deaths,2021-06-28,8.5345652173913,8.19760869565218,0,0.33695652173913,0.364782608695652,0.125,3.75
EuroCOVIDhub-ensemble,PL,Deaths,2021-07-05,6.37826086956522,5.82391304347826,0.0326086956521739,0.521739130434783,0.310434782608696,0.1,5.25
EuroCOVIDhub-ensemble,PL,Deaths,2021-07-12,6.42184782608696,5.4870652173913,0,0.934782608695652,0.26695652173913,0.25,6.5
EuroCOVIDhub-ensemble,PL,Deaths,2021-07-19,7.22641304347826,4.35684782608696,0,2.8695652173913,0.00608695652173914,0.55,11.5
EuroCOVIDhub-ensemble,PL,Deaths,2021-07-26,4.91326086956522,3.44586956521739,0,1.46739130434783,0.136521739130435,0.4,7.25
EuroCOVIDhub-ensemble,PL,Deaths,2021-08-02,5.43336956521739,3.82467391304348,0.0326086956521739,1.57608695652174,0.136521739130435,0.3,8
EuroCOVIDhub-ensemble,PL,Deaths,2021-08-09,5.2204347826087,3.63347826086957,0,1.58695652173913,0.147391304347826,0.375,8
EuroCOVIDhub-ensemble,PL,Deaths,2021-08-16,4.50271739130435,2.86141304347826,1.5,0.141304347826087,0.201739130434783,-0.175,7.75
EuroCOVIDhub-ensemble,PL,Deaths,2021-08-23,8.06184782608696,3.34445652173913,4.71739130434783,0,0.0604347826086957,-0.475,14
EuroCOVIDhub-ensemble,PL,Deaths,2021-08-30,18.6529347826087,2.83771739130435,15.8152173913043,0,-0.363478260869565,-0.9325,28.25
EuroCOVIDhub-ensemble,PL,Deaths,2021-09-06,11.139347826087,5.98717391304348,5.15217391304348,0,0.0495652173913044,-0.5,21.5
EuroCOVIDhub-ensemble,PL,Deaths,2021-09-13,13.185652173913,7.76173913043478,5.42391304347826,0,0.071304347826087,-0.475,25.25
EuroCOVIDhub-ensemble,PL,Deaths,2021-09-20,14.4579347826087,10.1970652173913,4.26086956521739,0,0.114782608695652,-0.425,23.5
EuroCOVIDhub-ensemble,PL,Deaths,2021-09-27,33.579347826087,14.3619565217391,19.2173913043478,0,-0.102608695652174,-0.675,69
EuroCOVIDhub-ensemble,PL,Deaths,2021-10-04,50.6680434782609,20.200652173913,30.4673913043478,0,-0.0591304347826087,-0.625,90.75
EuroCOVIDhub-ensemble,PL,Deaths,2021-10-11,52.3788043478261,21.4766304347826,30.9021739130435,0,0.0278260869565217,-0.525,91.25
EuroCOVIDhub-ensemble,PL,Deaths,2021-10-18,70.9775,31.4122826086957,39.5652173913044,0,0.071304347826087,-0.475,143
EuroCOVIDhub-ensemble,PL,Deaths,2021-10-25,130.724456521739,31.0288043478261,99.6956521739131,0,-0.146086956521739,-0.725,179.5
EuroCOVIDhub-ensemble,PL,Deaths,2021-11-01,126.188695652174,106.666956521739,2.64130434782609,16.8804347826087,0.245217391304348,0.175,165
EuroCOVIDhub-ensemble,PL,Deaths,2021-11-08,159.360652173913,124.251956521739,16.7608695652174,18.3478260869565,0.201739130434783,0.025,194
EuroCOVIDhub-ensemble,PL,Deaths,2021-11-15,198.87597826087,107.049891304348,50.2065217391304,41.6195652173913,0.0278260869565217,-0.125,301.5
EuroCOVIDhub-ensemble,PL,Deaths,2021-11-22,791.297934782609,204.830543478261,0,586.467391304348,-0.211304347826087,0.8,1295.25
EuroCOVIDhub-ensemble,PL,Deaths,2021-11-29,680.386956521739,178.919565217391,0,501.467391304348,-0.23304347826087,0.8125,1124.25
EuroCOVIDhub-ensemble,PL,Deaths,2021-12-06,252.512608695652,197.740869565217,0,54.7717391304348,0.158260869565217,0.375,322.25
EuroCOVIDhub-ensemble,PL,Deaths,2021-12-13,208.380108695652,135.032282608696,9.53260869565217,63.8152173913044,0.158260869565217,0.225,310.5
EuroCOVIDhub-ensemble,PL,Deaths,2021-12-20,218.504782608696,119.352608695652,99.1195652173913,0.0326086956521739,0.18,-0.3,320
EuroCOVIDhub-ensemble,PL,Deaths,2021-12-27,230.609891304348,97.4577173913044,132.663043478261,0.489130434782609,0.071304347826087,-0.425,388.5
EuroCOVIDhub-ensemble,PL,Deaths,2022-01-03,194.540652173913,104.464565217391,19.445652173913,70.6304347826087,0.00608695652173913,0.25,317.25
EuroCOVIDhub-ensemble,PL,Deaths,2022-01-10,316.401304347826,157.379565217391,32.1847826086957,126.836956521739,-0.0591304347826087,0.275,669.5
EuroCOVIDhub-ensemble,PL,Deaths,2022-01-17,480.165543478261,176.437282608696,0,303.728260869565,-0.276521739130435,0.875,788.25
EuroCOVIDhub-ensemble,PL,Deaths,2022-01-24,584.25347826087,152.199130434783,0,432.054347826087,-0.211304347826087,0.7375,905.25
EuroCOVIDhub-ensemble,PL,Deaths,2022-01-31,461.681195652174,121.996413043478,0,339.684782608696,-0.102608695652174,0.625,738.25
EuroCOVIDhub-ensemble,PL,Deaths,2022-02-07,162.747826086957,121.258695652174,0,41.4891304347826,0.158260869565217,0.375,268.75
EuroCOVIDhub-ensemble,PL,Deaths,2022-02-14,118.448695652174,87.6986956521739,0.793478260869565,29.9565217391304,0.136521739130435,0.3,159.25
EuroCOVIDhub-ensemble,PL,Deaths,2022-02-21,120.572391304348,116.876739130435,2.96739130434783,0.728260869565217,0.353913043478261,-0.05,63
EuroCOVIDhub-ensemble,PL,Deaths,2022-02-28,101.894456521739,64.7748913043478,37.1195652173913,0,0.114782608695652,-0.425,154.25
EuroCOVIDhub-ensemble,PL,Deaths,2022-03-07,75.1931521739131,66.8127173913044,8.3804347826087,0,0.26695652173913,-0.25,88.25
EuroCOVIDhub-ensemble,PL,Deaths,2022-03-14,72.2554347826087,55.5271739130435,1.20652173913043,15.5217391304348,0.223478260869565,0.15,86.75
EuroCOVIDhub-ensemble,PL,Deaths,2022-03-21,100.011304347826,54.2069565217391,0,45.804347826087,0.071304347826087,0.475,144.5
EuroCOVIDhub-ensemble,PL,Deaths,2022-03-28,64.9302173913044,32.5497826086957,0.0434782608695652,32.3369565217391,0.00608695652173914,0.5,105.25
EuroCOVIDhub-ensemble,PL,Deaths,2022-04-04,47.3061956521739,26.0561956521739,0,21.25,-0.0808695652173913,0.65,70.75
EuroCOVIDhub-ensemble,PL,Deaths,2022-04-11,21.5204347826087,17.194347826087,3.54347826086957,0.782608695652174,0.158260869565217,-0.175,23
EuroCOVIDhub-ensemble,PL,Deaths,2022-04-18,13.8838043478261,10.6120652173913,2.5,0.771739130434783,0.158260869565217,-0.125,19.75
EuroCOVIDhub-ensemble,PL,Deaths,2022-04-25,13.0723913043478,6.83326086956522,6.23913043478261,0,0.00608695652173914,-0.55,25.5
EuroCOVIDhub-ensemble,PL,Deaths,2022-05-02,8.39880434782609,8.22489130434783,0.0652173913043478,0.108695652173913,0.375652173913044,0.0249999999999999,3.5
EuroCOVIDhub-ensemble,PL,Deaths,2022-05-09,7.65032608695652,6.11771739130435,1.53260869565217,0,0.201739130434783,-0.325,9.25
EuroCOVIDhub-ensemble,PL,Deaths,2022-05-16,6.49119565217391,6.19771739130435,0.141304347826087,0.152173913043478,0.364782608695652,0.025,4.75
EuroCOVIDhub-ensemble,PL,Deaths,2022-05-23,5.10815217391304,4.68423913043478,0,0.423913043478261,0.332173913043478,0.175,5.25
EuroCOVIDhub-ensemble,PL,Deaths,2022-05-30,4.1679347826087,3.87445652173913,0.0326086956521739,0.260869565217391,0.353913043478261,0.05,3.25
EuroCOVIDhub-ensemble,PL,Deaths,2022-06-06,4.04358695652174,3.67402173913044,0.0978260869565217,0.271739130434783,0.310434782608696,0.05,4
EuroCOVIDhub-ensemble,PL,Deaths,2022-06-13,2.64630434782609,2.47239130434783,0.130434782608696,0.0434782608695652,0.364782608695652,-0.025,2
EuroCOVIDhub-ensemble,PL,Deaths,2022-06-20,1.82532608695652,1.58619565217391,0.228260869565217,0.0108695652173913,0.288695652173913,-0.175,2
EuroCOVIDhub-ensemble,PL,Deaths,2022-06-27,5.22032608695652,2.40510869565217,2.3804347826087,0.434782608695652,0.114782608695652,0.025,8.25
EuroCOVIDhub-ensemble,PL,Deaths,2022-07-04,8.62630434782609,4.49586956521739,3.94565217391304,0.184782608695652,0.136521739130435,-0.2,16.5
EuroCOVIDhub-ensemble,PL,Deaths,2022-07-11,11.386847826087,5.09336956521739,5.80434782608696,0.489130434782609,0.0278260869565217,-0.225,21.75
EuroCOVIDhub-ensemble,PL,Deaths,2022-07-18,16.444347826087,3.7704347826087,12.6739130434783,0,-0.32,-0.8825,28
EuroCOVIDhub-ensemble,PL,Deaths,2022-07-25,13.0160869565217,9.29869565217391,0.326086956521739,3.39130434782609,0.223478260869565,0.05,15.5
EuroCOVIDhub-ensemble,PL,Deaths,2022-08-01,14.4638043478261,10.9746739130435,0.695652173913044,2.79347826086957,0.18,0.1,22.75
EuroCOVIDhub-ensemble,PL,Deaths,2022-08-08,21.1722826086957,15.4222826086957,0.0108695652173913,5.73913043478261,0.18,0.3,32.25
EuroCOVIDhub-ensemble,PL,Deaths,2022-08-15,26.066847826087,20.0342391304348,0,6.03260869565217,0.158260869565217,0.375,34.25
EuroCOVIDhub-ensemble,PL,Deaths,2022-08-22,14.1944565217391,10.6944565217391,2.57608695652174,0.923913043478261,0.201739130434783,-0.075,18
EuroCOVIDhub-ensemble,PL,Deaths,2022-08-29,40.5006521739131,12.4571739130435,0,28.0434782608696,-0.298260869565217,0.82,67.5
EuroCOVIDhub-ensemble,PL,Deaths,2022-09-05,16.855652173913,9.35565217391304,3.57608695652174,3.92391304347826,0.0495652173913044,0.15,24
EuroCOVIDhub-ensemble,PL,Deaths,2022-09-12,17.4002173913044,10.7154347826087,6.61956521739131,0.0652173913043478,0.190869565217391,-0.275,25.75
EuroCOVIDhub-ensemble,PL,Deaths,2022-09-19,17.1284782608696,11.335,5.71739130434783,0.0760869565217391,0.136521739130435,-0.3,29.25
EuroCOVIDhub-ensemble,PL,Deaths,2022-09-26,17.8933695652174,10.2194565217391,7.65217391304348,0.0217391304347826,-0.0156521739130435,-0.525,23.5
EuroCOVIDhub-ensemble,PL,Deaths,2022-10-03,16.2563043478261,14.3976086956522,1.81521739130435,0.0434782608695652,0.288695652173913,-0.175,17.75
EuroCOVIDhub-ensemble,PL,Deaths,2022-10-10,13.6691304347826,12.0495652173913,0.217391304347826,1.40217391304348,0.26695652173913,0.05,10.25
EuroCOVIDhub-ensemble,PL,Deaths,2022-10-17,13.1507608695652,7.35728260869565,0,5.79347826086957,0.0495652173913044,0.5,22.75
EuroCOVIDhub-ensemble,PL,Deaths,2022-10-24,14.6134782608696,6.68956521739131,0.554347826086957,7.3695652173913,-0.0808695652173913,0.42,22.25
EuroCOVIDhub-ensemble,PL,Deaths,2022-10-31,13.8930434782609,3.67565217391304,1.10869565217391,9.10869565217391,-0.23304347826087,0.4125,21
EuroCOVIDhub-ensemble,PL,Deaths,2022-11-07,11.9090217391304,2.53945652173913,9.3695652173913,0,-0.189565217391304,-0.695,17.5
EuroCOVIDhub-ensemble,PL,Deaths,2022-11-14,16.4682608695652,1.93565217391304,14.5326086956522,0,-0.428695652173913,-0.92,23.75
EuroCOVIDhub-ensemble,PL,Deaths,2022-11-21,8.96260869565217,4.08217391304348,4.64130434782609,0.239130434782609,0.0604347826086957,-0.375,12.75
EuroCOVIDhub-ensemble,PL,Deaths,2022-11-28,11.4982608695652,2.87869565217391,8.61956521739131,0,-0.124347826086957,-0.6875,20.75
EuroCOVIDhub-ensemble,PL,Deaths,2022-12-05,10.0147826086957,3.97130434782609,6.04347826086957,0,-0.124347826086957,-0.7,19.5
EuroCOVIDhub-ensemble,PL,Deaths,2022-12-12,7.86217391304348,6.36217391304348,1.27173913043478,0.228260869565217,0.201739130434783,-0.225,11
EuroCOVIDhub-ensemble,PL,Deaths,2022-12-19,8.31423913043478,7.65119565217391,0.0434782608695652,0.619565217391304,0.321304347826087,0.125,7.75
EuroCOVIDhub-ensemble,PL,Deaths,2023-01-02,13.7689130434783,7.39934782608696,0.0108695652173913,6.35869565217391,0.190869565217391,0.275,20
EuroCOVIDhub-ensemble,PL,Deaths,2023-01-09,16.1494565217391,6.63858695652174,0.0326086956521739,9.47826086956522,-0.124347826086957,0.65,25.25
EuroCOVIDhub-ensemble,PL,Deaths,2023-01-16,10.3742391304348,4.49380434782609,0,5.8804347826087,-0.102608695652174,0.675,16.25
EuroCOVIDhub-ensemble,PL,Deaths,2023-01-23,5.22108695652174,4.28630434782609,0.934782608695652,0,0.321304347826087,-0.175,7
EuroCOVIDhub-ensemble,PL,Deaths,2023-01-30,6.98239130434783,6.54760869565217,0.0760869565217391,0.358695652173913,0.310434782608696,0.1,4.5
EuroCOVIDhub-ensemble,PL,Deaths,2023-02-06,11.1039130434783,10.4734782608696,0.184782608695652,0.445652173913043,0.332173913043478,0.075,9.5
EuroCOVIDhub-ensemble,PL,Deaths,2023-02-13,8.78188405797101,7.1731884057971,1.1304347826087,0.478260869565217,0.165507246376812,-0.1,11
EuroCOVIDhub-ensemble,PL,Deaths,2023-02-20,9.57565217391304,7.66260869565217,0.652173913043478,1.26086956521739,0.18,0.05,13
EuroCOVIDhub-ensemble,PL,Deaths,2023-02-27,12.7947826086957,6.36,6.43478260869565,0,0.0495652173913044,-0.5,26
